{
    "utterances": [
        {
            "text": "1",
            "entities": [],
            "traits": []
        },
        {
            "text": "2",
            "entities": [],
            "traits": []
        },
        {
            "text": "3",
            "entities": [],
            "traits": []
        },
        {
            "text": "10",
            "entities": [],
            "traits": []
        },
        {
            "text": "350\/110\/10 Nguy\u1ec5n V\u0103n L\u01b0\u1ee3ng, P.16, Q.G\u00f2 V\u1ea5p",
            "entities": [],
            "traits": []
        },
        {
            "text": "Qu\u1ea3n l\u00fd t\u00e0i kho\u1ea3n",
            "entities": [],
            "traits": []
        },
        {
            "text": "bye",
            "entities": [],
            "traits": [],
            "intent": "tam_biet"
        },
        {
            "text": "dat mua goi m90",
            "entities": [],
            "traits": []
        },
        {
            "text": "dat mua m90",
            "entities": [],
            "traits": []
        },
        {
            "text": "gioi thieu",
            "entities": [],
            "traits": [],
            "intent": "tam_biet"
        },
        {
            "text": "gi\u1edbi thi\u1ec7u",
            "entities": [],
            "traits": [],
            "intent": "tam_biet"
        },
        {
            "text": "hello",
            "entities": [],
            "traits": [],
            "intent": "chao_hoi"
        },
        {
            "text": "hi",
            "entities": [],
            "traits": [],
            "intent": "chao_hoi"
        },
        {
            "text": "l\u1ecbch s\u1eed ph\u00e1t tri\u1ec3n",
            "entities": [],
            "traits": [],
            "intent": "tam_biet"
        },
        {
            "text": "tam biet",
            "entities": [],
            "traits": [],
            "intent": "tam_biet"
        },
        {
            "text": "t\u1ea1m bi\u1ec7t",
            "entities": [],
            "traits": [],
            "intent": "tam_biet"
        },
        {
            "text": "xin chao",
            "entities": [],
            "traits": [],
            "intent": "chao_hoi"
        },
        {
            "text": "xin ch\u00e0o",
            "entities": [],
            "traits": [],
            "intent": "chao_hoi"
        }
    ]
}
