{
    "utterances": [
        {
            "text": "ban co gi",
            "entities": [],
            "traits": [],
            "intent": "menu"
        },
        {
            "text": "bye",
            "entities": [],
            "traits": [],
            "intent": "tam_biet"
        },
        {
            "text": "b\u1ea1n c\u00f3 g\u00ec",
            "entities": [],
            "traits": [],
            "intent": "menu"
        },
        {
            "text": "b\u1ea1n c\u00f3 th\u1ec3 gi\u00fap g\u00ec cho t\u00f4i",
            "entities": [],
            "traits": [],
            "intent": "menu"
        },
        {
            "text": "cho xem ty gia",
            "entities": [],
            "traits": [],
            "intent": "ask_exchange_rate"
        },
        {
            "text": "cho xem t\u1ef7 gi\u00e1",
            "entities": [],
            "traits": [],
            "intent": "ask_exchange_rate"
        },
        {
            "text": "chuyen khoan",
            "entities": [],
            "traits": [],
            "intent": "transfer_money"
        },
        {
            "text": "chuyen tien",
            "entities": [],
            "traits": [],
            "intent": "transfer_money"
        },
        {
            "text": "chuy\u1ec3n kho\u1ea3n",
            "entities": [],
            "traits": [],
            "intent": "transfer_money"
        },
        {
            "text": "chuy\u1ec3n ti\u1ec1n",
            "entities": [],
            "traits": [],
            "intent": "transfer_money"
        },
        {
            "text": "co khuyen mai gi khong",
            "entities": [],
            "traits": [],
            "intent": "promotion"
        },
        {
            "text": "c\u00f3 khuy\u1ebfn m\u00e3i g\u00ec kh\u00f4ng",
            "entities": [],
            "traits": [],
            "intent": "promotion"
        },
        {
            "text": "dich vu",
            "entities": [],
            "traits": [],
            "intent": "product"
        },
        {
            "text": "doanh nghi\u1ec7p c\u00f3 s\u1ea3n ph\u1ea9m g\u00ec",
            "entities": [],
            "traits": [],
            "intent": "product_company"
        },
        {
            "text": "d\u1ecbch v\u1ee5",
            "entities": [],
            "traits": [],
            "intent": "product"
        },
        {
            "text": "hello",
            "entities": [],
            "traits": [],
            "intent": "chao_hoi"
        },
        {
            "text": "hi",
            "entities": [],
            "traits": [],
            "intent": "chao_hoi"
        },
        {
            "text": "lai suat tiet kiem",
            "entities": [],
            "traits": [],
            "intent": "saving_rate"
        },
        {
            "text": "lich su",
            "entities": [],
            "traits": [],
            "intent": "history"
        },
        {
            "text": "lich su phat trien",
            "entities": [],
            "traits": [],
            "intent": "history"
        },
        {
            "text": "lien he",
            "entities": [],
            "traits": [],
            "intent": "contact"
        },
        {
            "text": "li\u00ean h\u1ec7",
            "entities": [],
            "traits": [],
            "intent": "contact"
        },
        {
            "text": "l\u00e3i su\u1ea5t ti\u1ebft ki\u1ec7m",
            "entities": [],
            "traits": [],
            "intent": "saving_rate"
        },
        {
            "text": "l\u1ecbch s\u1eed",
            "entities": [],
            "traits": [],
            "intent": "history"
        },
        {
            "text": "l\u1ecbch s\u1eed ph\u00e1t tri\u1ec3n",
            "entities": [],
            "traits": [],
            "intent": "history"
        },
        {
            "text": "menu",
            "entities": [],
            "traits": [],
            "intent": "menu"
        },
        {
            "text": "san pham",
            "entities": [],
            "traits": [],
            "intent": "product"
        },
        {
            "text": "san pham ca nhan",
            "entities": [],
            "traits": [],
            "intent": "product_personal"
        },
        {
            "text": "san pham danh cho doanh nghiep",
            "entities": [],
            "traits": [],
            "intent": "product_company"
        },
        {
            "text": "s\u1ea3n ph\u1ea9m",
            "entities": [],
            "traits": [],
            "intent": "product"
        },
        {
            "text": "s\u1ea3n ph\u1ea9m c\u00e1 nh\u00e2n",
            "entities": [],
            "traits": [],
            "intent": "product_personal"
        },
        {
            "text": "s\u1ea3n ph\u1ea9m d\u00e0nh cho doanh nghi\u1ec7p",
            "entities": [],
            "traits": [],
            "intent": "product_company"
        },
        {
            "text": "tam biet",
            "entities": [],
            "traits": [],
            "intent": "tam_biet"
        },
        {
            "text": "ty gia USD hom nay",
            "entities": [],
            "traits": [],
            "intent": "ask_exchange_rate"
        },
        {
            "text": "t\u00f4i mu\u1ed1n chuy\u1ec3n 500000 t\u1edbi s\u1ed1 t\u00e0i kho\u1ea3n 0123456789",
            "entities": [
                {
                    "entity": "transfer_toaccount:transfer_toaccount",
                    "start": 40,
                    "end": 51,
                    "body": "0123456789",
                    "entities": []
                },
                {
                    "entity": "transfer_amount:transfer_amount",
                    "start": 16,
                    "end": 23,
                    "body": "500000 ",
                    "entities": []
                }
            ],
            "traits": [],
            "intent": "transfer_money"
        },
        {
            "text": "t\u00f4i mu\u1ed1n chuy\u1ec3n ti\u1ec1n 500000 t\u1edbi t\u00e0i kho\u1ea3n 0123456789",
            "entities": [
                {
                    "entity": "transfer_amount:transfer_amount",
                    "start": 21,
                    "end": 28,
                    "body": "500000 ",
                    "entities": []
                },
                {
                    "entity": "transfer_toaccount:transfer_toaccount",
                    "start": 42,
                    "end": 53,
                    "body": "0123456789",
                    "entities": []
                }
            ],
            "traits": [],
            "intent": "transfer_money"
        },
        {
            "text": "t\u1ef7 gi\u00e1 USD h\u00f4m nay",
            "entities": [],
            "traits": [],
            "intent": "ask_exchange_rate"
        },
        {
            "text": "t\u1ef7 gi\u00e1 c\u00e1c \u0111\u1ed3ng ngo\u1ea1i t\u1ec7",
            "entities": [],
            "traits": [],
            "intent": "ask_exchange_rate"
        },
        {
            "text": "xin chao",
            "entities": [],
            "traits": [],
            "intent": "chao_hoi"
        },
        {
            "text": "xin ch\u00e0o",
            "entities": [],
            "traits": [],
            "intent": "chao_hoi"
        }
    ]
}
